{
  "log_path": "/home/barrylim/.local/share/Steam/steamapps/compatdata/2141910/pfx/drive_c/users/steamuser/AppData/LocalLow/Wizards Of The Coast/MTGA/Player.log",
  "player_name": "YourPlayerName",
  "default_deck": "mono_red",
  "deck_strategy": "mono_red",
  "default_strategy": "play_games",
  "default_color": "red",
  "image_dir": "images/",
  "use_image_search": false,
  "dry_run": false,
  "poll_interval": 1.0,
  "image_confidence": 0.9,
  "decks_path": "decks.example.json",
  "log_level": "DEBUG",
  "hand_y_ratio": 0.9578373015873015,
  "hand_x_ratios": [
    0.29767441860465116,
    0.3686046511627907,
    0.43372093023255814,
    0.5005813953488372,
    0.5630813953488372,
    0.627906976744186,
    0.6921511627906977
  ],
  "land_y_ratio": 0.9578373015873015,
  "land_x_ratios": [
    0.29767441860465116,
    0.3686046511627907,
    0.43372093023255814,
    0.5005813953488372,
    0.5630813953488372,
    0.627906976744186,
    0.6921511627906977
  ],
  "click_targets": {
    "play_btn": [
      0.9081395348837209,
      0.9340277777777778
    ],
    "keep7_btn": [
      0.5584302325581395,
      0.7291666666666666
    ],
    "play_button": [
      0.9162790697674419,
      0.8701388888888889
    ],
    "btn": [
      0.9104651162790698,
      0.8527777777777777
    ],
    "queue_button": [
      0.5511627906976744,
      0.8173611111111111
    ],
    "next_button": [
      0.9078488372093023,
      0.8708333333333333
    ],
    "submit_button": [
      0.9331395348837209,
      0.8826388888888889
    ],
    "concede": [
      0.5026162790697675,
      0.5805555555555556
    ],
    "keep_hand": [
      0.5630813953488372,
      0.80625
    ],
    "end_turn_button": [
      0.9427325581395349,
      0.8770833333333333
    ],
    "no_blocks_btn": [
      0.9418604651162791,
      0.8756944444444444
    ],
    "no_attack_btn": [
      0.9418604651162791,
      0.8111111111111111
    ],
    "all_attack_btn": [
      0.9398255813953489,
      0.88125
    ]
  }
}